+English Lit notes 	 
+Hindu 	 prose/hindu/
+MT 	 prose/hindu/MT/
+Prose 	 prose/
+somAkhyAdi 	 prose/hindu/MT/somAkhyAdi/
The visitation on the 	 prose/hindu/MT/somAkhyAdi/2024-04-21_the-visitation-on-the-knoll/
The crossover with Dabba 	 prose/hindu/MT/somAkhyAdi/2024-03-10_the-chrossover-with-dabba-seTThiputta/
The Dalāl who became a 	 prose/hindu/MT/somAkhyAdi/2024-01-16_the-dalal-who-became-a-poltergeist/
The death of Miss Lizzie 	 prose/hindu/MT/somAkhyAdi/2022-05-02_the-death-of-miss-lizzie-willink/
The strange case of the 	 prose/hindu/MT/somAkhyAdi/2021-11-27_the-strange-case-of-the-apastamba-sprite/
+Hindu 	 pause-heavy-verse/hindu/
+MT 	 pause-heavy-verse/hindu/MT/
+Pause heavy verse 	 pause-heavy-verse/
The silent return 	 pause-heavy-verse/hindu/MT/2007-01-20_the-silent-return/
+Cricket 	 prose/hindu/MT/cricket/
The sub-continental stirrings 	 prose/hindu/MT/cricket/2005-12-18_the-sub-continental-stirrings/
The Trojan horse? 	 prose/hindu/MT/cricket/2005-11-12_the-trojan-horse/
The clash of Saxons 	 prose/hindu/MT/cricket/2005-08-28_the-clash-of-saxons/
The new farce of baNabhatta 	 prose/hindu/MT/2005-04-25_the-new-farce-of-banabhatta/
Why did you lose? 	 pause-heavy-verse/hindu/MT/2004-09-30_why-did-you-lose/
The mother of all battles 	 prose/hindu/MT/cricket/2003-12-16_the-mother-of-all-battles/
I am indra 	 pause-heavy-verse/hindu/MT/2003-11-27_i-am-indra/
Testosteroniya stuti 	 pause-heavy-verse/hindu/MT/2003-09-18_testosteroniya-stuti/
Charlotte’s tale 	 prose/hindu/MT/2003-08-13_charlottes-tale/
+0 	 prose/hindu/indologist/max-muller/india_what_it_can_teach_us/0/
+0 	 prose/nietzsche/gay-science/0/
+00 	 prose/hindu/indologist/max-muller/chaudhari-nIrad-bio/00/
+00 	 prose/hindu/svoboda/aghora/2_kuNDalinI/00/
+00 	 prose/hindu/svoboda/aghora/3_law_of_karma/00/
+01 Book One 	 prose/nietzsche/gay-science/1_Book_One/
+01 INCIPIT VITA NOVA 	 prose/hindu/indologist/max-muller/chaudhari-nIrad-bio/01_INCIPIT_VITA_NOVA/
+02 BLESSED IS HE WHO HAS FOUND HIS WORK 	 prose/hindu/indologist/max-muller/chaudhari-nIrad-bio/02_BLESSED_IS_HE_WHO_HAS_FOUND_HIS_WORK/
+02 KUNDALINI 	 prose/hindu/svoboda/aghora/2_kuNDalinI/02_KUNDALINI/
+03 	 prose/hindu/indologist/max-muller/chaudhari-nIrad-bio/03/
+03 PRELIMINARIES 	 prose/hindu/svoboda/aghora/2_kuNDalinI/03_PRELIMINARIES/
+04 Appendix 	 prose/hindu/indologist/max-muller/chaudhari-nIrad-bio/04_Appendix/
+04 SADHANA 	 prose/hindu/svoboda/aghora/2_kuNDalinI/04_SADHANA/
+05 MANTRA 	 prose/hindu/svoboda/aghora/2_kuNDalinI/05_MANTRA/
+06 TANTRA 	 prose/hindu/svoboda/aghora/2_kuNDalinI/06_TANTRA/
+07 MUSIC 	 prose/hindu/svoboda/aghora/2_kuNDalinI/07_MUSIC/
+07 Preface to the second edition 	 prose/nietzsche/gay-science/0/07_Preface_to_the_second_edition/
+08 IMMORTALS 	 prose/hindu/svoboda/aghora/2_kuNDalinI/08_IMMORTALS/
+09 THE ESOTERIC RAMAYANA 	 prose/hindu/svoboda/aghora/2_kuNDalinI/09_THE_ESOTERIC_RAMAYANA/
+1 	 drama/shakespeare/hamlet/1/
+1 Left hand 	 prose/hindu/svoboda/aghora/1_left-hand/
+11 APPENDIX 	 prose/hindu/svoboda/aghora/2_kuNDalinI/11_APPENDIX/
+2 Book Two 	 prose/nietzsche/gay-science/2_Book_Two/
+2 kuNDalinI 	 prose/hindu/svoboda/aghora/2_kuNDalinI/
+3 Book Three 	 prose/nietzsche/gay-science/3_Book_Three/
+3 Law of Karma 	 prose/hindu/svoboda/aghora/3_law_of_karma/
+4 Book Four 	 prose/nietzsche/gay-science/4_Book_Four/
+5 Book Five 	 prose/nietzsche/gay-science/5_Book_Five/
+Aghora 	 prose/hindu/svoboda/aghora/
+Anti christ 	 prose/nietzsche/anti-christ/
+anUShA 	 prose/hindu/anUShA/
+Articles 	 prose/gilgamesh/articles/
+AtmAnanda bio 	 prose/misc/AtmAnanda-bio/
+Baker Mark 	 pause-heavy-verse/baker-mark/
+Being 	 pause-heavy-verse/hindu/sthAneshvaraH/being/
+bhagavAn uvAcha 	 prose/hindu/bhagavAnuvAcha/
+Bradbury Ray 	 prose/bradbury-ray/
+California 	 pause-heavy-verse/hindu/sthAneshvaraH/california/
+Chaudhari nIrad bio 	 prose/hindu/indologist/max-muller/chaudhari-nIrad-bio/
+Drama 	 drama/
+Ecce homo 	 prose/nietzsche/ecce_homo/
+Fun 	 pause-heavy-verse/hindu/sthAneshvaraH/fun/
+Gautama jAmadagnya 	 prose/hindu/gautama/
+Gay science 	 prose/nietzsche/gay-science/
+Gilgamesh 	 prose/gilgamesh/
+Godfather 	 drama/godfather/
+Gods 	 pause-heavy-verse/hindu/sthAneshvaraH/Gods/
+Guru Anaerobic 	 prose/misc/guru-anaerobic/
+Hamlet 	 drama/shakespeare/hamlet/
+India - what it can teach us 	 prose/hindu/indologist/max-muller/india_what_it_can_teach_us/
+Indian army 	 prose/hindu/misc/indian-army/
+Indologist 	 prose/hindu/indologist/
+Jones William 	 prose/hindu/indologist/jones-william/
+kansAratva 	 prose/hindu/kansAratva/
+kAntAra 	 prose/hindu/kAntAra/
+Leviathan 99 	 prose/bradbury-ray/leviathan_99/
+Life + Emergence 	 pause-heavy-verse/hindu/sthAneshvaraH/life_emergence/
+Matthew Arnold 	 verse/matthew-arnold/
+Max-muller 	 prose/hindu/indologist/max-muller/
+Misc 	 prose/hindu/misc/
+Misc 	 prose/misc/
+Money 	 pause-heavy-verse/hindu/sthAneshvaraH/money/
+Mongol 	 pause-heavy-verse/mongol/
+Mongol 	 prose/mongol/
+mukunda 	 prose/mukunda/
+Nepal 	 pause-heavy-verse/hindu/sthAneshvaraH/nepAl/
+Nietzsche 	 prose/nietzsche/
+Nostalgia - General 	 pause-heavy-verse/hindu/sthAneshvaraH/nostalgia/
+pANDitya 	 pause-heavy-verse/hindu/sthAneshvaraH/pANDitya/
+Politics 	 pause-heavy-verse/hindu/sthAneshvaraH/politics/
+Rhyme 	 song/rhyme/
+Rubáiyát 	 verse/rubaiyat/
+Sagan Carl 	 prose/sagan-carl/
+sandIpa 	 prose/hindu/sandIpa/
+Shakespeare 	 drama/shakespeare/
+singh-sahana 	 prose/hindu/singh-sahanA/
+Somewhere a band 	 prose/bradbury-ray/somewhere_a_band/
+Song 	 song/
+Svoboda R 	 prose/hindu/svoboda/
+UG 	 prose/hindu/uppalUri-gopAla-kRShNamUrtiH/
+Verse 	 verse/
+vidyAsAgaraH 	 prose/hindu/vidyAsAgaraH/
+Zarathustra 	 prose/nietzsche/zarathustra/
+अतीन्द्रियः 	 prose/hindu/atIndriyaH/
+चित्राणि 	 prose/hindu/svoboda/aghora/images/
+श्रीधर-दुष्यन्तः 	 prose/hindu/shrIdhara-duShyantaH/
+स्थानेश्वरः 	 pause-heavy-verse/hindu/sthAneshvaraH/
+स्थानेश्वरः 	 prose/hindu/sthAneshvaraH/
0 Dramatis Personae 	 drama/shakespeare/hamlet/0_dramatis-personae/
00 	 prose/hindu/svoboda/aghora/1_left-hand/00/
00 	 prose/nietzsche/anti-christ/00/
00 	 prose/nietzsche/ecce_homo/00/
00 CONTENTS 	 prose/hindu/svoboda/aghora/3_law_of_karma/00/00_CONTENTS/
00 GLOSSARY 	 prose/hindu/svoboda/aghora/3_law_of_karma/00/00_GLOSSARY/
00 INTRODUCTION BY MRS FORSTER–NIETZSCHE 	 prose/nietzsche/zarathustra/00_INTRODUCTION_BY_MRS_FORSTERNIETZSCHE/
01 	 prose/bradbury-ray/leviathan_99/01/
01 	 prose/bradbury-ray/somewhere_a_band/01/
01 	 prose/nietzsche/anti-christ/01/
01 	 prose/nietzsche/gay-science/1_Book_One/01/
01 	 prose/nietzsche/zarathustra/01/
01 ACKNOWLEDGEMENTS 	 prose/hindu/indologist/max-muller/chaudhari-nIrad-bio/00/01_ACKNOWLEDGEMENTS/
01 ACKNOWLEDGEMENTS 	 prose/hindu/svoboda/aghora/3_law_of_karma/00/01_ACKNOWLEDGEMENTS/
01 AGNI 	 prose/hindu/svoboda/aghora/2_kuNDalinI/01_AGNI/
01 BEGINNINGS IN RURITANIA 	 prose/hindu/indologist/max-muller/chaudhari-nIrad-bio/01_INCIPIT_VITA_NOVA/01_BEGINNINGS_IN_RURITANIA/
01 Contents 	 prose/nietzsche/gay-science/0/01_Contents/
01 DEDICATION 	 prose/hindu/svoboda/aghora/2_kuNDalinI/00/01_DEDICATION/
01 Food 	 prose/hindu/svoboda/aghora/2_kuNDalinI/03_PRELIMINARIES/01_Food/
01 HOW ONE BECOMES WHAT ONE IS 	 prose/nietzsche/ecce_homo/01_HOW_ONE_BECOMES_WHAT_ONE_IS/
01 Khanda Manda Yoga 	 prose/hindu/svoboda/aghora/2_kuNDalinI/04_SADHANA/01_Khanda_Manda_Yoga/
01 MA 	 prose/hindu/svoboda/aghora/1_left-hand/01_MA/
01 Mantra Siddhi 	 prose/hindu/svoboda/aghora/2_kuNDalinI/05_MANTRA/01_Mantra_Siddhi/
01 Nada Yoga 	 prose/hindu/svoboda/aghora/2_kuNDalinI/07_MUSIC/01_Nada_Yoga/
01 POLEMICS POLITICAL AND SCHOLARLY 	 prose/hindu/indologist/max-muller/chaudhari-nIrad-bio/03/01_POLEMICS_POLITICAL_AND_SCHOLARLY/
01 Self-Identification 	 prose/hindu/svoboda/aghora/2_kuNDalinI/02_KUNDALINI/01_Self-Identification/
01 Siddhas 	 prose/hindu/svoboda/aghora/2_kuNDalinI/08_IMMORTALS/01_Siddhas/
01 SOURCES OF THE BIOGRAPHY 	 prose/hindu/indologist/max-muller/chaudhari-nIrad-bio/04_Appendix/01_SOURCES_OF_THE_BIOGRAPHY/
01 STONEY 	 prose/hindu/svoboda/aghora/3_law_of_karma/01_STONEY/
01 THE RIG-VEDA 	 prose/hindu/indologist/max-muller/chaudhari-nIrad-bio/02_BLESSED_IS_HE_WHO_HAS_FOUND_HIS_WORK/01_THE_RIG-VEDA/
01 The Script 	 prose/hindu/svoboda/aghora/2_kuNDalinI/09_THE_ESOTERIC_RAMAYANA/01_The_Script/
01 Time, Eclipses and Nights 	 prose/hindu/svoboda/aghora/2_kuNDalinI/06_TANTRA/01_Time_Eclipses_and_Nights/
01 Yantras: A General Description 	 prose/hindu/svoboda/aghora/2_kuNDalinI/11_APPENDIX/01_Yantras_A_General_Description/
02 	 prose/bradbury-ray/leviathan_99/02/
02 	 prose/bradbury-ray/somewhere_a_band/02/
02 	 prose/nietzsche/anti-christ/02/
02 	 prose/nietzsche/gay-science/1_Book_One/02/
02 	 prose/nietzsche/zarathustra/02/
02 BEATA GEORGINA 	 prose/hindu/indologist/max-muller/chaudhari-nIrad-bio/02_BLESSED_IS_HE_WHO_HAS_FOUND_HIS_WORK/02_BEATA_GEORGINA/
02 CHRONOLOGICAL LIST OF MAX MULLER’S WORKS 	 prose/hindu/indologist/max-muller/chaudhari-nIrad-bio/04_Appendix/02_CHRONOLOGICAL_LIST_OF_MAX_MULLERS_WORKS/
02 CONTENTS 	 prose/hindu/svoboda/aghora/2_kuNDalinI/00/02_CONTENTS/
02 Coverings 	 prose/hindu/svoboda/aghora/2_kuNDalinI/02_KUNDALINI/02_Coverings/
02 ELAN 	 prose/hindu/svoboda/aghora/3_law_of_karma/02_ELAN/
02 IMPORTANT NOTE 	 prose/hindu/indologist/max-muller/chaudhari-nIrad-bio/00/02_IMPORTANT_NOTE/
02 Introduction 	 prose/nietzsche/gay-science/0/02_Introduction/
02 INTRODUCTION 	 prose/hindu/svoboda/aghora/3_law_of_karma/00/02_INTRODUCTION/
02 Krishna and the Gopis 	 prose/hindu/svoboda/aghora/2_kuNDalinI/07_MUSIC/02_Krishna_and_the_Gopis/
02 LIFE, LOVE AND DEATH 	 prose/hindu/indologist/max-muller/chaudhari-nIrad-bio/03/02_LIFE_LOVE_AND_DEATH/
02 Name and Form 	 prose/hindu/svoboda/aghora/2_kuNDalinI/04_SADHANA/02_Name_and_Form/
02 Nyasa 	 prose/hindu/svoboda/aghora/2_kuNDalinI/06_TANTRA/02_Nyasa/
02 Panchamakara 	 prose/hindu/svoboda/aghora/2_kuNDalinI/03_PRELIMINARIES/02_Panchamakara/
02 Rishis, Munis, Naths and Siddhas 	 prose/hindu/svoboda/aghora/2_kuNDalinI/08_IMMORTALS/02_Rishis_Munis_Naths_and_Siddhas/
02 SHAKTI 	 prose/hindu/svoboda/aghora/1_left-hand/02_SHAKTI/
02 The Nine Nath Siddhas 	 prose/hindu/svoboda/aghora/2_kuNDalinI/11_APPENDIX/02_The_Nine_Nath_Siddhas/
02 The Players 	 prose/hindu/svoboda/aghora/2_kuNDalinI/09_THE_ESOTERIC_RAMAYANA/02_The_Players/
02 Using Mantras 	 prose/hindu/svoboda/aghora/2_kuNDalinI/05_MANTRA/02_Using_Mantras/
02 WANDERINGS OF YOUNG MAX MULLER 	 prose/hindu/indologist/max-muller/chaudhari-nIrad-bio/01_INCIPIT_VITA_NOVA/02_WANDERINGS_OF_YOUNG_MAX_MULLER/
02 WHY I AM SO WISE 	 prose/nietzsche/ecce_homo/02_WHY_I_AM_SO_WISE/
03 	 prose/bradbury-ray/leviathan_99/03/
03 	 prose/bradbury-ray/somewhere_a_band/03/
03 	 prose/nietzsche/anti-christ/03/
03 	 prose/nietzsche/gay-science/1_Book_One/03/
03 	 prose/nietzsche/zarathustra/03/
03 About the cover: 	 prose/hindu/svoboda/aghora/2_kuNDalinI/00/03_About_the_cover/
03 Anjaneya's Role 	 prose/hindu/svoboda/aghora/2_kuNDalinI/09_THE_ESOTERIC_RAMAYANA/03_Anjaneyas_Role/
03 Chronology 	 prose/nietzsche/gay-science/0/03_Chronology/
03 CONTENTS 	 prose/hindu/indologist/max-muller/chaudhari-nIrad-bio/00/03_CONTENTS/
03 FORMATION OF MIND AND CHARACTER 	 prose/hindu/indologist/max-muller/chaudhari-nIrad-bio/01_INCIPIT_VITA_NOVA/03_FORMATION_OF_MIND_AND_CHARACTER/
03 IMPORTANT EVENTS IN MAX MULLER’S LIFE 	 prose/hindu/indologist/max-muller/chaudhari-nIrad-bio/04_Appendix/03_IMPORTANT_EVENTS_IN_MAX_MULLERS_LIFE/
03 INDIA MEN 	 prose/hindu/indologist/max-muller/chaudhari-nIrad-bio/03/03_INDIA_MEN/
03 Krishna and Shiva 	 prose/hindu/svoboda/aghora/2_kuNDalinI/07_MUSIC/03_Krishna_and_Shiva/
03 LANGUAGE 	 prose/hindu/indologist/max-muller/chaudhari-nIrad-bio/02_BLESSED_IS_HE_WHO_HAS_FOUND_HIS_WORK/03_LANGUAGE/
03 Mental Worship 	 prose/hindu/svoboda/aghora/2_kuNDalinI/06_TANTRA/03_Mental_Worship/
03 Nadis and Chakras 	 prose/hindu/svoboda/aghora/2_kuNDalinI/02_KUNDALINI/03_Nadis_and_Chakras/
03 Notable Siddhas 	 prose/hindu/svoboda/aghora/2_kuNDalinI/08_IMMORTALS/03_Notable_Siddhas/
03 SHIVA 	 prose/hindu/svoboda/aghora/1_left-hand/03_SHIVA/
03 TEASERS and STALLIONS 	 prose/hindu/svoboda/aghora/3_law_of_karma/03_TEASERS_and_STALLIONS/
03 The Five S's 	 prose/hindu/svoboda/aghora/2_kuNDalinI/05_MANTRA/03_The_Five_Ss/
03 The Soma Yaga 	 prose/hindu/svoboda/aghora/2_kuNDalinI/04_SADHANA/03_The_Soma_Yaga/
03 WHY I AM SO CLEVER 	 prose/nietzsche/ecce_homo/03_WHY_I_AM_SO_CLEVER/
04 	 prose/bradbury-ray/leviathan_99/04/
04 	 prose/bradbury-ray/somewhere_a_band/04/
04 	 prose/nietzsche/anti-christ/04/
04 	 prose/nietzsche/gay-science/1_Book_One/04/
04 	 prose/nietzsche/zarathustra/04/
04 “Make Everything into a Sadhana" 	 prose/hindu/svoboda/aghora/2_kuNDalinI/04_SADHANA/04_Make_Everything_into_a_Sadhana/
04 EARLY YEARS AT OXFORD 	 prose/hindu/indologist/max-muller/chaudhari-nIrad-bio/01_INCIPIT_VITA_NOVA/04_EARLY_YEARS_AT_OXFORD/
04 FOREWORD 	 prose/hindu/svoboda/aghora/2_kuNDalinI/00/04_FOREWORD/
04 Further reading 	 prose/nietzsche/gay-science/0/04_Further_reading/
04 Ganesha 	 prose/hindu/svoboda/aghora/2_kuNDalinI/06_TANTRA/04_Ganesha/
04 ILLUSTRATIONS 	 prose/hindu/indologist/max-muller/chaudhari-nIrad-bio/00/04_ILLUSTRATIONS/
04 INDEX 	 prose/hindu/indologist/max-muller/chaudhari-nIrad-bio/04_Appendix/04_INDEX/
04 INDIA MOVEMENTS 	 prose/hindu/indologist/max-muller/chaudhari-nIrad-bio/03/04_INDIA_MOVEMENTS/
04 OXFORD-DARK AND BRIGHT 	 prose/hindu/indologist/max-muller/chaudhari-nIrad-bio/02_BLESSED_IS_HE_WHO_HAS_FOUND_HIS_WORK/04_OXFORD-DARK_AND_BRIGHT/
04 Rishis 	 prose/hindu/svoboda/aghora/2_kuNDalinI/08_IMMORTALS/04_Rishis/
04 RNANUBANDHANA 	 prose/hindu/svoboda/aghora/1_left-hand/04_RNANUBANDHANA/
04 Secrecy 	 prose/hindu/svoboda/aghora/2_kuNDalinI/05_MANTRA/04_Secrecy/
04 The Nine Chakras 	 prose/hindu/svoboda/aghora/2_kuNDalinI/02_KUNDALINI/04_The_Nine_Chakras/
04 TIMIR 	 prose/hindu/svoboda/aghora/3_law_of_karma/04_TIMIR/
04 WHY I WRITE SUCH GOOD BOOKS 	 prose/nietzsche/ecce_homo/04_WHY_I_WRITE_SUCH_GOOD_BOOKS/
05 	 prose/bradbury-ray/leviathan_99/05/
05 	 prose/bradbury-ray/somewhere_a_band/05/
05 	 prose/nietzsche/anti-christ/05/
05 	 prose/nietzsche/gay-science/1_Book_One/05/
05 INTRODUCTION 	 prose/hindu/indologist/max-muller/chaudhari-nIrad-bio/00/05_INTRODUCTION/
05 INTRODUCTION 	 prose/hindu/svoboda/aghora/2_kuNDalinI/00/05_INTRODUCTION/
05 MENTORS 	 prose/hindu/svoboda/aghora/1_left-hand/05_MENTORS/
05 Note on the text 	 prose/nietzsche/gay-science/0/05_Note_on_the_text/
05 Pronunciation 	 prose/hindu/svoboda/aghora/2_kuNDalinI/05_MANTRA/05_Pronunciation/
05 Raising Kundalini 	 prose/hindu/svoboda/aghora/2_kuNDalinI/02_KUNDALINI/05_Raising_Kundalini/
05 SCARLET RUBY 	 prose/hindu/svoboda/aghora/3_law_of_karma/05_SCARLET_RUBY/
05 THE BIRTH OF TRAGEDY 	 prose/nietzsche/ecce_homo/05_THE_BIRTH_OF_TRAGEDY/
05 The Sun, the Moon, and Fire 	 prose/hindu/svoboda/aghora/2_kuNDalinI/04_SADHANA/05_The_Sun_the_Moon_and_Fire/
05 Time and Space 	 prose/hindu/svoboda/aghora/2_kuNDalinI/08_IMMORTALS/05_Time_and_Space/
05 VANAPRASTHA 	 prose/hindu/indologist/max-muller/chaudhari-nIrad-bio/03/05_VANAPRASTHA/
057 	 prose/nietzsche/gay-science/2_Book_Two/057/
058 	 prose/nietzsche/gay-science/2_Book_Two/058/
059 	 prose/nietzsche/gay-science/2_Book_Two/059/
06 	 prose/bradbury-ray/leviathan_99/06/
06 	 prose/bradbury-ray/somewhere_a_band/06/
06 	 prose/nietzsche/anti-christ/06/
06 	 prose/nietzsche/gay-science/1_Book_One/06/
06 AGHORA 	 prose/hindu/svoboda/aghora/1_left-hand/06_AGHORA/
06 Anasuya 	 prose/hindu/svoboda/aghora/2_kuNDalinI/08_IMMORTALS/06_Anasuya/
06 Four Levels of Speech 	 prose/hindu/svoboda/aghora/2_kuNDalinI/05_MANTRA/06_Four_Levels_of_Speech/
06 Gayatri 	 prose/hindu/svoboda/aghora/2_kuNDalinI/04_SADHANA/06_Gayatri/
06 GLOSSARY 	 prose/hindu/svoboda/aghora/2_kuNDalinI/00/06_GLOSSARY/
06 Samadhi 	 prose/hindu/svoboda/aghora/2_kuNDalinI/02_KUNDALINI/06_Samadhi/
06 THE CITY OF DELUSION 	 prose/hindu/svoboda/aghora/3_law_of_karma/06_THE_CITY_OF_DELUSION/
06 The Gay Science 	 prose/nietzsche/gay-science/0/06_The_Gay_Science/
06 THE UNTIMELY ESSAYS 	 prose/nietzsche/ecce_homo/06_THE_UNTIMELY_ESSAYS/
060 	 prose/nietzsche/gay-science/2_Book_Two/060/
061 	 prose/nietzsche/gay-science/2_Book_Two/061/
062 	 prose/nietzsche/gay-science/2_Book_Two/062/
063 	 prose/nietzsche/gay-science/2_Book_Two/063/
064 	 prose/nietzsche/gay-science/2_Book_Two/064/
065 	 prose/nietzsche/gay-science/2_Book_Two/065/
066 	 prose/nietzsche/gay-science/2_Book_Two/066/
067 	 prose/nietzsche/gay-science/2_Book_Two/067/
068 	 prose/nietzsche/gay-science/2_Book_Two/068/
069 	 prose/nietzsche/gay-science/2_Book_Two/069/
07 	 prose/bradbury-ray/leviathan_99/07/
07 	 prose/bradbury-ray/somewhere_a_band/07/
07 	 prose/nietzsche/anti-christ/07/
07 	 prose/nietzsche/gay-science/1_Book_One/07/
07 Avataras 	 prose/hindu/svoboda/aghora/2_kuNDalinI/08_IMMORTALS/07_Avataras/
07 BIBLIOGRAPHY 	 prose/hindu/svoboda/aghora/2_kuNDalinI/00/07_BIBLIOGRAPHY/
07 HUMAN, ALL TOO HUMAN 	 prose/nietzsche/ecce_homo/07_HUMAN_ALL_TOO_HUMAN/
07 Kula Kundalini 	 prose/hindu/svoboda/aghora/2_kuNDalinI/02_KUNDALINI/07_Kula_Kundalini/
07 REPAY 	 prose/hindu/svoboda/aghora/3_law_of_karma/07_REPAY/
07 SPIRITS 	 prose/hindu/svoboda/aghora/1_left-hand/07_SPIRITS/
07 The Four Classes 	 prose/hindu/svoboda/aghora/2_kuNDalinI/05_MANTRA/07_The_Four_Classes/
070 	 prose/nietzsche/gay-science/2_Book_Two/070/
071 	 prose/nietzsche/gay-science/2_Book_Two/071/
072 	 prose/nietzsche/gay-science/2_Book_Two/072/
073 	 prose/nietzsche/gay-science/2_Book_Two/073/
074 	 prose/nietzsche/gay-science/2_Book_Two/074/
075 	 prose/nietzsche/gay-science/2_Book_Two/075/
076 	 prose/nietzsche/gay-science/2_Book_Two/076/
077 	 prose/nietzsche/gay-science/2_Book_Two/077/
078 	 prose/nietzsche/gay-science/2_Book_Two/078/
079 	 prose/nietzsche/gay-science/2_Book_Two/079/
08 	 prose/bradbury-ray/leviathan_99/08/
08 	 prose/bradbury-ray/somewhere_a_band/08/
08 	 prose/nietzsche/anti-christ/08/
08 	 prose/nietzsche/gay-science/1_Book_One/08/
08 ‘Joke, Cunning, and Revenge’ 	 prose/nietzsche/gay-science/0/08_Joke_Cunning_and_Revenge/
08 AVISHKARA 	 prose/hindu/svoboda/aghora/1_left-hand/08_AVISHKARA/
08 DAYBREAK 	 prose/nietzsche/ecce_homo/08_DAYBREAK/
08 REDSTONE 	 prose/hindu/svoboda/aghora/3_law_of_karma/08_REDSTONE/
08 The Snake 	 prose/hindu/svoboda/aghora/2_kuNDalinI/02_KUNDALINI/08_The_Snake/
080 	 prose/nietzsche/gay-science/2_Book_Two/080/
081 	 prose/nietzsche/gay-science/2_Book_Two/081/
082 	 prose/nietzsche/gay-science/2_Book_Two/082/
083 	 prose/nietzsche/gay-science/2_Book_Two/083/
084 	 prose/nietzsche/gay-science/2_Book_Two/084/
085 	 prose/nietzsche/gay-science/2_Book_Two/085/
086 	 prose/nietzsche/gay-science/2_Book_Two/086/
087 	 prose/nietzsche/gay-science/2_Book_Two/087/
088 	 prose/nietzsche/gay-science/2_Book_Two/088/
089 	 prose/nietzsche/gay-science/2_Book_Two/089/
09 	 prose/bradbury-ray/leviathan_99/09/
09 	 prose/bradbury-ray/somewhere_a_band/09/
09 	 prose/nietzsche/anti-christ/09/
09 	 prose/nietzsche/gay-science/1_Book_One/09/
09 Appendix: Songs of Prince Vogelfrei 	 prose/nietzsche/gay-science/0/09_Appendix_Songs_of_Prince_Vogelfrei/
09 PRAKRITI SIDDHI 	 prose/hindu/svoboda/aghora/3_law_of_karma/09_PRAKRITI_SIDDHI/
09 SEX 	 prose/hindu/svoboda/aghora/1_left-hand/09_SEX/
09 The Chakras 	 prose/hindu/svoboda/aghora/2_kuNDalinI/02_KUNDALINI/09_The_Chakras/
09 THE GAY SCIENCE 	 prose/nietzsche/ecce_homo/09_THE_GAY_SCIENCE/
090 	 prose/nietzsche/gay-science/2_Book_Two/090/
091 	 prose/nietzsche/gay-science/2_Book_Two/091/
092 	 prose/nietzsche/gay-science/2_Book_Two/092/
093 	 prose/nietzsche/gay-science/2_Book_Two/093/
094 	 prose/nietzsche/gay-science/2_Book_Two/094/
095 	 prose/nietzsche/gay-science/2_Book_Two/095/
096 	 prose/nietzsche/gay-science/2_Book_Two/096/
097 	 prose/nietzsche/gay-science/2_Book_Two/097/
098 	 prose/nietzsche/gay-science/2_Book_Two/098/
099 	 prose/nietzsche/gay-science/2_Book_Two/099/
1 	 prose/nietzsche/gay-science/0/07_Preface_to_the_second_edition/1/
1 Elsinore. Castle platform 	 drama/shakespeare/hamlet/1/1_Elsinore_castle-platform/
1 Intro to tantra 	 prose/misc/AtmAnanda-bio/1_intro_to_tantra/
1 WHAT CAN INDIA TEACH US? 	 prose/hindu/indologist/max-muller/india_what_it_can_teach_us/1_WHAT_CAN_INDIA_TEACH_US/
10 	 prose/bradbury-ray/leviathan_99/10/
10 	 prose/bradbury-ray/somewhere_a_band/10/
10 	 prose/nietzsche/anti-christ/10/
10 	 prose/nietzsche/gay-science/1_Book_One/10/
10 EPILOGUE 	 prose/hindu/svoboda/aghora/3_law_of_karma/10_EPILOGUE/
10 GIRNAR 	 prose/hindu/svoboda/aghora/1_left-hand/10_GIRNAR/
10 GURUS AND DISCIPLES 	 prose/hindu/svoboda/aghora/2_kuNDalinI/10_GURUS_AND_DISCIPLES/
10 Index 	 prose/nietzsche/gay-science/0/10_Index/
10 Kula Kundalini 	 prose/hindu/svoboda/aghora/2_kuNDalinI/02_KUNDALINI/10_Kula_Kundalini/
10 THUS SPOKE ZARATHUSTRA 	 prose/nietzsche/ecce_homo/10_THUS_SPOKE_ZARATHUSTRA/
100 	 prose/nietzsche/gay-science/2_Book_Two/100/
101 	 prose/nietzsche/gay-science/2_Book_Two/101/
102 	 prose/nietzsche/gay-science/2_Book_Two/102/
103 	 prose/nietzsche/gay-science/2_Book_Two/103/
104 	 prose/nietzsche/gay-science/2_Book_Two/104/
105 	 prose/nietzsche/gay-science/2_Book_Two/105/
106 	 prose/nietzsche/gay-science/2_Book_Two/106/
107 	 prose/nietzsche/gay-science/2_Book_Two/107/
108 	 prose/nietzsche/gay-science/3_Book_Three/108/
109 	 prose/nietzsche/gay-science/3_Book_Three/109/
11 	 prose/bradbury-ray/leviathan_99/11/
11 	 prose/bradbury-ray/somewhere_a_band/11/
11 	 prose/nietzsche/anti-christ/11/
11 	 prose/nietzsche/gay-science/1_Book_One/11/
11 BEYOND GOOD AND EVIL 	 prose/nietzsche/ecce_homo/11_BEYOND_GOOD_AND_EVIL/
110 	 prose/nietzsche/gay-science/3_Book_Three/110/
111 	 prose/nietzsche/gay-science/3_Book_Three/111/
112 	 prose/nietzsche/gay-science/3_Book_Three/112/
113 	 prose/nietzsche/gay-science/3_Book_Three/113/
114 	 prose/nietzsche/gay-science/3_Book_Three/114/
115 	 prose/nietzsche/gay-science/3_Book_Three/115/
116 	 prose/nietzsche/gay-science/3_Book_Three/116/
117 	 prose/nietzsche/gay-science/3_Book_Three/117/
118 	 prose/nietzsche/gay-science/3_Book_Three/118/
119 	 prose/nietzsche/gay-science/3_Book_Three/119/
12 	 prose/bradbury-ray/somewhere_a_band/12/
12 	 prose/nietzsche/anti-christ/12/
12 	 prose/nietzsche/gay-science/1_Book_One/12/
12 GENEALOGY OF MORALS 	 prose/nietzsche/ecce_homo/12_GENEALOGY_OF_MORALS/
120 	 prose/nietzsche/gay-science/3_Book_Three/120/
121 	 prose/nietzsche/gay-science/3_Book_Three/121/
122 	 prose/nietzsche/gay-science/3_Book_Three/122/
123 	 prose/nietzsche/gay-science/3_Book_Three/123/
124 	 prose/nietzsche/gay-science/3_Book_Three/124/
125 	 prose/nietzsche/gay-science/3_Book_Three/125/
126 	 prose/nietzsche/gay-science/3_Book_Three/126/
127 	 prose/nietzsche/gay-science/3_Book_Three/127/
128 	 prose/nietzsche/gay-science/3_Book_Three/128/
129 	 prose/nietzsche/gay-science/3_Book_Three/129/
13 	 prose/bradbury-ray/somewhere_a_band/13/
13 	 prose/nietzsche/anti-christ/13/
13 	 prose/nietzsche/gay-science/1_Book_One/13/
13 TWILIGHT OF THE IDOLS 	 prose/nietzsche/ecce_homo/13_TWILIGHT_OF_THE_IDOLS/
130 	 prose/nietzsche/gay-science/3_Book_Three/130/
131 	 prose/nietzsche/gay-science/3_Book_Three/131/
132 	 prose/nietzsche/gay-science/3_Book_Three/132/
133 	 prose/nietzsche/gay-science/3_Book_Three/133/
134 	 prose/nietzsche/gay-science/3_Book_Three/134/
135 	 prose/nietzsche/gay-science/3_Book_Three/135/
136 	 prose/nietzsche/gay-science/3_Book_Three/136/
137 	 prose/nietzsche/gay-science/3_Book_Three/137/
138 	 prose/nietzsche/gay-science/3_Book_Three/138/
139 	 prose/nietzsche/gay-science/3_Book_Three/139/
14 	 prose/bradbury-ray/somewhere_a_band/14/
14 	 prose/nietzsche/anti-christ/14/
14 	 prose/nietzsche/gay-science/1_Book_One/14/
14 THE WAGNER CASE 	 prose/nietzsche/ecce_homo/14_THE_WAGNER_CASE/
140 	 prose/nietzsche/gay-science/3_Book_Three/140/
141 	 prose/nietzsche/gay-science/3_Book_Three/141/
142 	 prose/nietzsche/gay-science/3_Book_Three/142/
143 	 prose/nietzsche/gay-science/3_Book_Three/143/
144 	 prose/nietzsche/gay-science/3_Book_Three/144/
145 	 prose/nietzsche/gay-science/3_Book_Three/145/
146 	 prose/nietzsche/gay-science/3_Book_Three/146/
147 	 prose/nietzsche/gay-science/3_Book_Three/147/
148 	 prose/nietzsche/gay-science/3_Book_Three/148/
149 	 prose/nietzsche/gay-science/3_Book_Three/149/
15 	 prose/bradbury-ray/somewhere_a_band/15/
15 	 prose/nietzsche/anti-christ/15/
15 	 prose/nietzsche/gay-science/1_Book_One/15/
15 WHY I AM A DESTINY 	 prose/nietzsche/ecce_homo/15_WHY_I_AM_A_DESTINY/
150 	 prose/nietzsche/gay-science/3_Book_Three/150/
151 	 prose/nietzsche/gay-science/3_Book_Three/151/
152 	 prose/nietzsche/gay-science/3_Book_Three/152/
153 	 prose/nietzsche/gay-science/3_Book_Three/153/
154 	 prose/nietzsche/gay-science/3_Book_Three/154/
155 	 prose/nietzsche/gay-science/3_Book_Three/155/
156 	 prose/nietzsche/gay-science/3_Book_Three/156/
157 	 prose/nietzsche/gay-science/3_Book_Three/157/
158 	 prose/nietzsche/gay-science/3_Book_Three/158/
159 	 prose/nietzsche/gay-science/3_Book_Three/159/
16 	 prose/bradbury-ray/somewhere_a_band/16/
16 	 prose/nietzsche/anti-christ/16/
16 	 prose/nietzsche/gay-science/1_Book_One/16/
16 NOTES 	 prose/nietzsche/ecce_homo/16_NOTES/
160 	 prose/nietzsche/gay-science/3_Book_Three/160/
161 	 prose/nietzsche/gay-science/3_Book_Three/161/
162 	 prose/nietzsche/gay-science/3_Book_Three/162/
163 	 prose/nietzsche/gay-science/3_Book_Three/163/
164 	 prose/nietzsche/gay-science/3_Book_Three/164/
165 	 prose/nietzsche/gay-science/3_Book_Three/165/
166 	 prose/nietzsche/gay-science/3_Book_Three/166/
167 	 prose/nietzsche/gay-science/3_Book_Three/167/
168 	 prose/nietzsche/gay-science/3_Book_Three/168/
169 	 prose/nietzsche/gay-science/3_Book_Three/169/
17 	 prose/bradbury-ray/somewhere_a_band/17/
17 	 prose/nietzsche/anti-christ/17/
17 	 prose/nietzsche/gay-science/1_Book_One/17/
170 	 prose/nietzsche/gay-science/3_Book_Three/170/
171 	 prose/nietzsche/gay-science/3_Book_Three/171/
172 	 prose/nietzsche/gay-science/3_Book_Three/172/
173 	 prose/nietzsche/gay-science/3_Book_Three/173/
174 	 prose/nietzsche/gay-science/3_Book_Three/174/
175 	 prose/nietzsche/gay-science/3_Book_Three/175/
176 	 prose/nietzsche/gay-science/3_Book_Three/176/
177 	 prose/nietzsche/gay-science/3_Book_Three/177/
178 	 prose/nietzsche/gay-science/3_Book_Three/178/
179 	 prose/nietzsche/gay-science/3_Book_Three/179/
18 	 prose/bradbury-ray/somewhere_a_band/18/
18 	 prose/nietzsche/anti-christ/18/
18 	 prose/nietzsche/gay-science/1_Book_One/18/
180 	 prose/nietzsche/gay-science/3_Book_Three/180/
181 	 prose/nietzsche/gay-science/3_Book_Three/181/
182 	 prose/nietzsche/gay-science/3_Book_Three/182/
183 	 prose/nietzsche/gay-science/3_Book_Three/183/
184 	 prose/nietzsche/gay-science/3_Book_Three/184/
185 	 prose/nietzsche/gay-science/3_Book_Three/185/
186 	 prose/nietzsche/gay-science/3_Book_Three/186/
187 	 prose/nietzsche/gay-science/3_Book_Three/187/
188 	 prose/nietzsche/gay-science/3_Book_Three/188/
189 	 prose/nietzsche/gay-science/3_Book_Three/189/
19 	 prose/bradbury-ray/somewhere_a_band/19/
19 	 prose/nietzsche/anti-christ/19/
19 	 prose/nietzsche/gay-science/1_Book_One/19/
190 	 prose/nietzsche/gay-science/3_Book_Three/190/
191 	 prose/nietzsche/gay-science/3_Book_Three/191/
192 	 prose/nietzsche/gay-science/3_Book_Three/192/
193 	 prose/nietzsche/gay-science/3_Book_Three/193/
194 	 prose/nietzsche/gay-science/3_Book_Three/194/
195 	 prose/nietzsche/gay-science/3_Book_Three/195/
196 	 prose/nietzsche/gay-science/3_Book_Three/196/
197 	 prose/nietzsche/gay-science/3_Book_Three/197/
198 	 prose/nietzsche/gay-science/3_Book_Three/198/
199 	 prose/nietzsche/gay-science/3_Book_Three/199/
2 	 drama/godfather/2/
2 	 prose/nietzsche/gay-science/0/07_Preface_to_the_second_edition/2/
2 Castle state room 	 drama/shakespeare/hamlet/1/2_castle-state-room/
2 left hand secrets 	 prose/misc/AtmAnanda-bio/2_left-hand-secrets/
2 Truthful Character of the Hindus 	 prose/hindu/indologist/max-muller/india_what_it_can_teach_us/2_Truthful_Character_of_the_Hindus/
20 	 prose/bradbury-ray/somewhere_a_band/20/
20 	 prose/nietzsche/anti-christ/20/
20 	 prose/nietzsche/gay-science/1_Book_One/20/
200 	 prose/nietzsche/gay-science/3_Book_Three/200/
201 	 prose/nietzsche/gay-science/3_Book_Three/201/
202 	 prose/nietzsche/gay-science/3_Book_Three/202/
2021 White pill 	 prose/hindu/AshIsh-dhAr/2021_white-pill/
2022 Hindu situation 	 prose/hindu/AshIsh-dhAr/hindu-situation-2022/
203 	 prose/nietzsche/gay-science/3_Book_Three/203/
204 	 prose/nietzsche/gay-science/3_Book_Three/204/
205 	 prose/nietzsche/gay-science/3_Book_Three/205/
206 	 prose/nietzsche/gay-science/3_Book_Three/206/
207 	 prose/nietzsche/gay-science/3_Book_Three/207/
208 	 prose/nietzsche/gay-science/3_Book_Three/208/
209 	 prose/nietzsche/gay-science/3_Book_Three/209/
21 	 prose/bradbury-ray/somewhere_a_band/21/
21 	 prose/nietzsche/anti-christ/21/
21 	 prose/nietzsche/gay-science/1_Book_One/21/
210 	 prose/nietzsche/gay-science/3_Book_Three/210/
211 	 prose/nietzsche/gay-science/3_Book_Three/211/
212 	 prose/nietzsche/gay-science/3_Book_Three/212/
213 	 prose/nietzsche/gay-science/3_Book_Three/213/
214 	 prose/nietzsche/gay-science/3_Book_Three/214/
215 	 prose/nietzsche/gay-science/3_Book_Three/215/
216 	 prose/nietzsche/gay-science/3_Book_Three/216/
217 	 prose/nietzsche/gay-science/3_Book_Three/217/
218 	 prose/nietzsche/gay-science/3_Book_Three/218/
219 	 prose/nietzsche/gay-science/3_Book_Three/219/
22 	 prose/bradbury-ray/somewhere_a_band/22/
22 	 prose/nietzsche/anti-christ/22/
22 	 prose/nietzsche/gay-science/1_Book_One/22/
220 	 prose/nietzsche/gay-science/3_Book_Three/220/
221 	 prose/nietzsche/gay-science/3_Book_Three/221/
222 	 prose/nietzsche/gay-science/3_Book_Three/222/
223 	 prose/nietzsche/gay-science/3_Book_Three/223/
224 	 prose/nietzsche/gay-science/3_Book_Three/224/
225 	 prose/nietzsche/gay-science/3_Book_Three/225/
226 	 prose/nietzsche/gay-science/3_Book_Three/226/
227 	 prose/nietzsche/gay-science/3_Book_Three/227/
228 	 prose/nietzsche/gay-science/3_Book_Three/228/
229 	 prose/nietzsche/gay-science/3_Book_Three/229/
23 	 prose/bradbury-ray/somewhere_a_band/23/
23 	 prose/nietzsche/anti-christ/23/
23 	 prose/nietzsche/gay-science/1_Book_One/23/
230 	 prose/nietzsche/gay-science/3_Book_Three/230/
231 	 prose/nietzsche/gay-science/3_Book_Three/231/
232 	 prose/nietzsche/gay-science/3_Book_Three/232/
233 	 prose/nietzsche/gay-science/3_Book_Three/233/
234 	 prose/nietzsche/gay-science/3_Book_Three/234/
235 	 prose/nietzsche/gay-science/3_Book_Three/235/
236 	 prose/nietzsche/gay-science/3_Book_Three/236/
237 	 prose/nietzsche/gay-science/3_Book_Three/237/
238 	 prose/nietzsche/gay-science/3_Book_Three/238/
239 	 prose/nietzsche/gay-science/3_Book_Three/239/
24 	 prose/bradbury-ray/somewhere_a_band/24/
24 	 prose/nietzsche/anti-christ/24/
24 	 prose/nietzsche/gay-science/1_Book_One/24/
240 	 prose/nietzsche/gay-science/3_Book_Three/240/
241 	 prose/nietzsche/gay-science/3_Book_Three/241/
242 	 prose/nietzsche/gay-science/3_Book_Three/242/
243 	 prose/nietzsche/gay-science/3_Book_Three/243/
244 	 prose/nietzsche/gay-science/3_Book_Three/244/
245 	 prose/nietzsche/gay-science/3_Book_Three/245/
246 	 prose/nietzsche/gay-science/3_Book_Three/246/
247 	 prose/nietzsche/gay-science/3_Book_Three/247/
248 	 prose/nietzsche/gay-science/3_Book_Three/248/
249 	 prose/nietzsche/gay-science/3_Book_Three/249/
25 	 prose/bradbury-ray/somewhere_a_band/25/
25 	 prose/nietzsche/anti-christ/25/
25 	 prose/nietzsche/gay-science/1_Book_One/25/
250 	 prose/nietzsche/gay-science/3_Book_Three/250/
251 	 prose/nietzsche/gay-science/3_Book_Three/251/
252 	 prose/nietzsche/gay-science/3_Book_Three/252/
253 	 prose/nietzsche/gay-science/3_Book_Three/253/
254 	 prose/nietzsche/gay-science/3_Book_Three/254/
255 	 prose/nietzsche/gay-science/3_Book_Three/255/
256 	 prose/nietzsche/gay-science/3_Book_Three/256/
257 	 prose/nietzsche/gay-science/3_Book_Three/257/
258 	 prose/nietzsche/gay-science/3_Book_Three/258/
259 	 prose/nietzsche/gay-science/3_Book_Three/259/
26 	 prose/bradbury-ray/somewhere_a_band/26/
26 	 prose/nietzsche/anti-christ/26/
26 	 prose/nietzsche/gay-science/1_Book_One/26/
260 	 prose/nietzsche/gay-science/3_Book_Three/260/
261 	 prose/nietzsche/gay-science/3_Book_Three/261/
262 	 prose/nietzsche/gay-science/3_Book_Three/262/
263 	 prose/nietzsche/gay-science/3_Book_Three/263/
264 	 prose/nietzsche/gay-science/3_Book_Three/264/
265 	 prose/nietzsche/gay-science/3_Book_Three/265/
266 	 prose/nietzsche/gay-science/3_Book_Three/266/
267 	 prose/nietzsche/gay-science/3_Book_Three/267/
268 	 prose/nietzsche/gay-science/3_Book_Three/268/
269 	 prose/nietzsche/gay-science/3_Book_Three/269/
27 	 prose/bradbury-ray/somewhere_a_band/27/
27 	 prose/nietzsche/anti-christ/27/
27 	 prose/nietzsche/gay-science/1_Book_One/27/
270 	 prose/nietzsche/gay-science/3_Book_Three/270/
271 	 prose/nietzsche/gay-science/3_Book_Three/271/
272 	 prose/nietzsche/gay-science/3_Book_Three/272/
273 	 prose/nietzsche/gay-science/3_Book_Three/273/
274 	 prose/nietzsche/gay-science/3_Book_Three/274/
275 	 prose/nietzsche/gay-science/3_Book_Three/275/
276 	 prose/nietzsche/gay-science/4_Book_Four/276/
277 	 prose/nietzsche/gay-science/4_Book_Four/277/
278 	 prose/nietzsche/gay-science/4_Book_Four/278/
279 	 prose/nietzsche/gay-science/4_Book_Four/279/
28 	 prose/bradbury-ray/somewhere_a_band/28/
28 	 prose/nietzsche/anti-christ/28/
28 	 prose/nietzsche/gay-science/1_Book_One/28/
280 	 prose/nietzsche/gay-science/4_Book_Four/280/
281 	 prose/nietzsche/gay-science/4_Book_Four/281/
282 	 prose/nietzsche/gay-science/4_Book_Four/282/
283 	 prose/nietzsche/gay-science/4_Book_Four/283/
284 	 prose/nietzsche/gay-science/4_Book_Four/284/
285 	 prose/nietzsche/gay-science/4_Book_Four/285/
286 	 prose/nietzsche/gay-science/4_Book_Four/286/
287 	 prose/nietzsche/gay-science/4_Book_Four/287/
288 	 prose/nietzsche/gay-science/4_Book_Four/288/
289 	 prose/nietzsche/gay-science/4_Book_Four/289/
29 	 prose/bradbury-ray/somewhere_a_band/29/
29 	 prose/nietzsche/anti-christ/29/
29 	 prose/nietzsche/gay-science/1_Book_One/29/
290 	 prose/nietzsche/gay-science/4_Book_Four/290/
291 	 prose/nietzsche/gay-science/4_Book_Four/291/
292 	 prose/nietzsche/gay-science/4_Book_Four/292/
293 	 prose/nietzsche/gay-science/4_Book_Four/293/
294 	 prose/nietzsche/gay-science/4_Book_Four/294/
295 	 prose/nietzsche/gay-science/4_Book_Four/295/
296 	 prose/nietzsche/gay-science/4_Book_Four/296/
297 	 prose/nietzsche/gay-science/4_Book_Four/297/
298 	 prose/nietzsche/gay-science/4_Book_Four/298/
299 	 prose/nietzsche/gay-science/4_Book_Four/299/
3 	 prose/nietzsche/gay-science/0/07_Preface_to_the_second_edition/3/
3 gate of dreams 	 prose/misc/AtmAnanda-bio/3_gate_of_dreams/
3 HUMAN INTEREST OF SANSKRIT LITERATURE 	 prose/hindu/indologist/max-muller/india_what_it_can_teach_us/3_HUMAN_INTEREST_OF_SANSKRIT_LITERATURE/
3 Polonius house room 	 drama/shakespeare/hamlet/1/3_polonius-house-room/
30 	 prose/bradbury-ray/somewhere_a_band/30/
30 	 prose/nietzsche/anti-christ/30/
30 	 prose/nietzsche/gay-science/1_Book_One/30/
300 	 prose/nietzsche/gay-science/4_Book_Four/300/
301 	 prose/nietzsche/gay-science/4_Book_Four/301/
302 	 prose/nietzsche/gay-science/4_Book_Four/302/
303 	 prose/nietzsche/gay-science/4_Book_Four/303/
304 	 prose/nietzsche/gay-science/4_Book_Four/304/
305 	 prose/nietzsche/gay-science/4_Book_Four/305/
306 	 prose/nietzsche/gay-science/4_Book_Four/306/
307 	 prose/nietzsche/gay-science/4_Book_Four/307/
308 	 prose/nietzsche/gay-science/4_Book_Four/308/
309 	 prose/nietzsche/gay-science/4_Book_Four/309/
31 	 prose/bradbury-ray/somewhere_a_band/31/
31 	 prose/nietzsche/anti-christ/31/
31 	 prose/nietzsche/gay-science/1_Book_One/31/
310 	 prose/nietzsche/gay-science/4_Book_Four/310/
311 	 prose/nietzsche/gay-science/4_Book_Four/311/
312 	 prose/nietzsche/gay-science/4_Book_Four/312/
313 	 prose/nietzsche/gay-science/4_Book_Four/313/
314 	 prose/nietzsche/gay-science/4_Book_Four/314/
315 	 prose/nietzsche/gay-science/4_Book_Four/315/
316 	 prose/nietzsche/gay-science/4_Book_Four/316/
317 	 prose/nietzsche/gay-science/4_Book_Four/317/
318 	 prose/nietzsche/gay-science/4_Book_Four/318/
319 	 prose/nietzsche/gay-science/4_Book_Four/319/
32 	 prose/bradbury-ray/somewhere_a_band/32/
32 	 prose/nietzsche/anti-christ/32/
32 	 prose/nietzsche/gay-science/1_Book_One/32/
320 	 prose/nietzsche/gay-science/4_Book_Four/320/
321 	 prose/nietzsche/gay-science/4_Book_Four/321/
322 	 prose/nietzsche/gay-science/4_Book_Four/322/
323 	 prose/nietzsche/gay-science/4_Book_Four/323/
324 	 prose/nietzsche/gay-science/4_Book_Four/324/
325 	 prose/nietzsche/gay-science/4_Book_Four/325/
326 	 prose/nietzsche/gay-science/4_Book_Four/326/
327 	 prose/nietzsche/gay-science/4_Book_Four/327/
328 	 prose/nietzsche/gay-science/4_Book_Four/328/
329 	 prose/nietzsche/gay-science/4_Book_Four/329/
33 	 prose/bradbury-ray/somewhere_a_band/33/
33 	 prose/nietzsche/anti-christ/33/
33 	 prose/nietzsche/gay-science/1_Book_One/33/
330 	 prose/nietzsche/gay-science/4_Book_Four/330/
331 	 prose/nietzsche/gay-science/4_Book_Four/331/
332 	 prose/nietzsche/gay-science/4_Book_Four/332/
333 	 prose/nietzsche/gay-science/4_Book_Four/333/
334 	 prose/nietzsche/gay-science/4_Book_Four/334/
335 	 prose/nietzsche/gay-science/4_Book_Four/335/
336 	 prose/nietzsche/gay-science/4_Book_Four/336/
337 	 prose/nietzsche/gay-science/4_Book_Four/337/
338 	 prose/nietzsche/gay-science/4_Book_Four/338/
339 	 prose/nietzsche/gay-science/4_Book_Four/339/
34 	 prose/nietzsche/anti-christ/34/
34 	 prose/nietzsche/gay-science/1_Book_One/34/
340 	 prose/nietzsche/gay-science/4_Book_Four/340/
341 	 prose/nietzsche/gay-science/4_Book_Four/341/
342 	 prose/nietzsche/gay-science/4_Book_Four/342/
343 	 prose/nietzsche/gay-science/5_Book_Five/343/
344 	 prose/nietzsche/gay-science/5_Book_Five/344/
345 	 prose/nietzsche/gay-science/5_Book_Five/345/
346 	 prose/nietzsche/gay-science/5_Book_Five/346/
347 	 prose/nietzsche/gay-science/5_Book_Five/347/
348 	 prose/nietzsche/gay-science/5_Book_Five/348/
349 	 prose/nietzsche/gay-science/5_Book_Five/349/
35 	 prose/nietzsche/anti-christ/35/
35 	 prose/nietzsche/gay-science/1_Book_One/35/
350 	 prose/nietzsche/gay-science/5_Book_Five/350/
351 	 prose/nietzsche/gay-science/5_Book_Five/351/
352 	 prose/nietzsche/gay-science/5_Book_Five/352/
353 	 prose/nietzsche/gay-science/5_Book_Five/353/
354 	 prose/nietzsche/gay-science/5_Book_Five/354/
355 	 prose/nietzsche/gay-science/5_Book_Five/355/
356 	 prose/nietzsche/gay-science/5_Book_Five/356/
357 	 prose/nietzsche/gay-science/5_Book_Five/357/
358 	 prose/nietzsche/gay-science/5_Book_Five/358/
359 	 prose/nietzsche/gay-science/5_Book_Five/359/
36 	 prose/nietzsche/anti-christ/36/
36 	 prose/nietzsche/gay-science/1_Book_One/36/
360 	 prose/nietzsche/gay-science/5_Book_Five/360/
361 	 prose/nietzsche/gay-science/5_Book_Five/361/
362 	 prose/nietzsche/gay-science/5_Book_Five/362/
363 	 prose/nietzsche/gay-science/5_Book_Five/363/
364 	 prose/nietzsche/gay-science/5_Book_Five/364/
365 	 prose/nietzsche/gay-science/5_Book_Five/365/
366 	 prose/nietzsche/gay-science/5_Book_Five/366/
367 	 prose/nietzsche/gay-science/5_Book_Five/367/
368 	 prose/nietzsche/gay-science/5_Book_Five/368/
369 	 prose/nietzsche/gay-science/5_Book_Five/369/
37 	 prose/nietzsche/anti-christ/37/
37 	 prose/nietzsche/gay-science/1_Book_One/37/
370 	 prose/nietzsche/gay-science/5_Book_Five/370/
371 	 prose/nietzsche/gay-science/5_Book_Five/371/
372 	 prose/nietzsche/gay-science/5_Book_Five/372/
373 	 prose/nietzsche/gay-science/5_Book_Five/373/
374 	 prose/nietzsche/gay-science/5_Book_Five/374/
375 	 prose/nietzsche/gay-science/5_Book_Five/375/
376 	 prose/nietzsche/gay-science/5_Book_Five/376/
377 	 prose/nietzsche/gay-science/5_Book_Five/377/
378 	 prose/nietzsche/gay-science/5_Book_Five/378/
379 	 prose/nietzsche/gay-science/5_Book_Five/379/
38 	 prose/nietzsche/anti-christ/38/
38 	 prose/nietzsche/gay-science/1_Book_One/38/
380 	 prose/nietzsche/gay-science/5_Book_Five/380/
381 	 prose/nietzsche/gay-science/5_Book_Five/381/
382 	 prose/nietzsche/gay-science/5_Book_Five/382/
383 	 prose/nietzsche/gay-science/5_Book_Five/383/
39 	 prose/nietzsche/anti-christ/39/
39 	 prose/nietzsche/gay-science/1_Book_One/39/
4 	 prose/nietzsche/gay-science/0/07_Preface_to_the_second_edition/4/
4 OBJECTIONS 	 prose/hindu/indologist/max-muller/india_what_it_can_teach_us/4_OBJECTIONS/
4 Platform 	 drama/shakespeare/hamlet/1/4_platform/
4 self in mirror 	 prose/misc/AtmAnanda-bio/4_self_in_mirror/
40 	 prose/nietzsche/anti-christ/40/
40 	 prose/nietzsche/gay-science/1_Book_One/40/
41 	 prose/nietzsche/anti-christ/41/
41 	 prose/nietzsche/gay-science/1_Book_One/41/
42 	 prose/nietzsche/anti-christ/42/
42 	 prose/nietzsche/gay-science/1_Book_One/42/
43 	 prose/nietzsche/anti-christ/43/
43 	 prose/nietzsche/gay-science/1_Book_One/43/
44 	 prose/nietzsche/anti-christ/44/
44 	 prose/nietzsche/gay-science/1_Book_One/44/
45 	 prose/nietzsche/anti-christ/45/
45 	 prose/nietzsche/gay-science/1_Book_One/45/
46 	 prose/nietzsche/anti-christ/46/
46 	 prose/nietzsche/gay-science/1_Book_One/46/
47 	 prose/nietzsche/anti-christ/47/
47 	 prose/nietzsche/gay-science/1_Book_One/47/
48 	 prose/nietzsche/anti-christ/48/
48 	 prose/nietzsche/gay-science/1_Book_One/48/
49 	 prose/nietzsche/anti-christ/49/
49 	 prose/nietzsche/gay-science/1_Book_One/49/
5 again a mouse 	 prose/misc/AtmAnanda-bio/5_again_a_mouse/
5 Platform 	 drama/shakespeare/hamlet/1/5_platform/
5 THE LESSONS OF THE VEDA 	 prose/hindu/indologist/max-muller/india_what_it_can_teach_us/5_THE_LESSONS_OF_THE_VEDA/
50 	 prose/nietzsche/anti-christ/50/
50 	 prose/nietzsche/gay-science/1_Book_One/50/
51 	 prose/nietzsche/anti-christ/51/
51 	 prose/nietzsche/gay-science/1_Book_One/51/
52 	 prose/nietzsche/anti-christ/52/
52 	 prose/nietzsche/gay-science/1_Book_One/52/
53 	 prose/nietzsche/anti-christ/53/
53 	 prose/nietzsche/gay-science/1_Book_One/53/
54 	 prose/nietzsche/anti-christ/54/
54 	 prose/nietzsche/gay-science/1_Book_One/54/
55 	 prose/nietzsche/anti-christ/55/
55 	 prose/nietzsche/gay-science/1_Book_One/55/
56 	 prose/nietzsche/anti-christ/56/
56 	 prose/nietzsche/gay-science/1_Book_One/56/
57 	 prose/nietzsche/anti-christ/57/
58 	 prose/nietzsche/anti-christ/58/
59 	 prose/nietzsche/anti-christ/59/
6 becoming AtmAnanda 	 prose/misc/AtmAnanda-bio/6_becoming_AtmAnanda/
6 VEDIC DEITIES 	 prose/hindu/indologist/max-muller/india_what_it_can_teach_us/6_VEDIC_DEITIES/
60 	 prose/nietzsche/anti-christ/60/
61 	 prose/nietzsche/anti-christ/61/
62 	 prose/nietzsche/anti-christ/62/
7 sai bAbA 	 prose/misc/AtmAnanda-bio/7_sai-bAbA/
7 VEDA AND VEDANTA 	 prose/hindu/indologist/max-muller/india_what_it_can_teach_us/7_VEDA_AND_VEDANTA/
72-talk 	 prose/hindu/uppalUri-gopAla-kRShNamUrtiH/72_talk/
8 Odd Gods of south 	 prose/misc/AtmAnanda-bio/8_odd_Gods_of_south/
A word 	 pause-heavy-verse/hindu/sthAneshvaraH/pANDitya/a_word/
All 	 verse/rubaiyat/all/
Altar bird 	 pause-heavy-verse/hindu/sthAneshvaraH/Gods/altar-bird/
Ambushed 	 prose/hindu/misc/indian-army/ambushed/
Another Timeline 	 pause-heavy-verse/hindu/sthAneshvaraH/politics/another-timeline/
aparA 	 pause-heavy-verse/hindu/sthAneshvaraH/Gods/aparA/
AshA 	 pause-heavy-verse/hindu/sthAneshvaraH/being/AshA/
Ashish_to_Adil 	 prose/hindu/misc/Ashish_to_Adil/
AshIsha-dhAra 	 prose/hindu/AshIsh-dhAr/
AShTAvakra 	 prose/hindu/anUShA/aShTAvakra/
Astrology - narmamAlA 	 prose/hindu/anUShA/astrology_narmamAlA/
Baa baa 	 song/rhyme/baa_baa/
bhairavI-venkaTasubbayya 	 prose/hindu/sandIpa/bhairavI-venkaTasubbayya/
Bhakti & shAstrIya sangIta 	 prose/hindu/shrIdhara-duShyantaH/bhakti-shAstrIya-sangIta/
bhaTTa-mahesha-bio 	 prose/hindu/uppalUri-gopAla-kRShNamUrtiH/bhaTTa-mahesha-bio/
brahma-JNAna-care 	 pause-heavy-verse/hindu/sthAneshvaraH/politics/brahma-jJNAni-care/
brahmachAri-bio 	 prose/hindu/uppalUri-gopAla-kRShNamUrtiH/brahmachAri-bio/
Bull & camel 	 prose/mongol/bull_camel/
c stream kids 	 pause-heavy-verse/baker-mark/c_stream_kids/
Categories 	 categories/
Caterpillar 	 pause-heavy-verse/hindu/sthAneshvaraH/life_emergence/caterpillar/
chAmuNDA 	 pause-heavy-verse/hindu/sthAneshvaraH/Gods/chAmuNDA/
Chaturagiry Agastya 	 prose/misc/chaturagiry-Agastya/
Cognition 	 prose/hindu/sthAneshvaraH/cognition/
Conference 	 pause-heavy-verse/hindu/sthAneshvaraH/pANDitya/conference/
CONTENTS 	 prose/hindu/indologist/max-muller/india_what_it_can_teach_us/0/CONTENTS/
Craig Macmillan celebration 	 prose/misc/craig-macmillan-celebration/
Crossroads 	 pause-heavy-verse/hindu/sthAneshvaraH/nostalgia/crossroads/
Customs 	 prose/hindu/sthAneshvaraH/customs/
Dedication 	 prose/hindu/indologist/max-muller/india_what_it_can_teach_us/0/Dedication/
Despotism rise 	 pause-heavy-verse/hindu/sthAneshvaraH/politics/despotism-rise/
Dhading Besi town 	 pause-heavy-verse/hindu/sthAneshvaraH/nepAl/dhading-besi/
Discourse 3 	 prose/hindu/indologist/jones-william/discourse_3/
Doctor and Dakini 	 prose/hindu/atIndriyaH/doctor_and_dAkinI/
Doctor in the crevass 	 prose/hindu/atIndriyaH/doctor_in_crevass/
dryuan on death 	 prose/sagan-carl/dryuan_on_death/
Each time 	 pause-heavy-verse/hindu/sthAneshvaraH/being/each-time/
Echo 	 pause-heavy-verse/hindu/sthAneshvaraH/nostalgia/echo/
Economy vs Justice 	 prose/hindu/AshIsh-dhAr/economy_vs_justice/
Edited life 	 pause-heavy-verse/hindu/sthAneshvaraH/being/edited-life/
Emptiness 	 pause-heavy-verse/hindu/sthAneshvaraH/life_emergence/emptiness/
End of the world 	 song/end_of_the_world/
Erase out of existance 	 prose/misc/erase-out-of-existance/
Ethos 	 prose/hindu/misc/indian-army/ethos/
Fields of Thopal 	 pause-heavy-verse/hindu/sthAneshvaraH/nepAl/fields_of_thopal/
Firefly 	 pause-heavy-verse/hindu/sthAneshvaraH/nostalgia/firefly/
Forgetting 	 pause-heavy-verse/hindu/sthAneshvaraH/being/forgetting/
Fragments 	 pause-heavy-verse/hindu/sthAneshvaraH/pANDitya/fragments/
Glimpse of svarga 	 pause-heavy-verse/hindu/MT/glimpse_of_svarga/
Glossary 	 prose/hindu/uppalUri-gopAla-kRShNamUrtiH/glossary/
Gods 	 prose/hindu/sthAneshvaraH/Gods/
Great again 	 pause-heavy-verse/hindu/sthAneshvaraH/politics/great-again/
Gun-consecration 	 pause-heavy-verse/mongol/gun-consecration/
HaMsAvalI 	 prose/hindu/anUShA/haMsAvalI/
Hickory Dickory 	 song/rhyme/hickory_dickory/
Hobo-couple 	 pause-heavy-verse/hindu/sthAneshvaraH/money/hobo-couple/
Holi-madness 	 pause-heavy-verse/hindu/sthAneshvaraH/life_emergence/holi-madness/
Home 	 pause-heavy-verse/hindu/sthAneshvaraH/nepAl/home/
Humpty Dumpty 	 song/rhyme/humpty_dumpty/
I was told 	 pause-heavy-verse/hindu/sthAneshvaraH/being/I_was_told/
INDEX 	 prose/hindu/indologist/max-muller/india_what_it_can_teach_us/0/INDEX/
INTRODUCTION 	 prose/hindu/indologist/max-muller/india_what_it_can_teach_us/0/INTRODUCTION/
Jack and Jill 	 song/rhyme/jack_and_jill/
jAti-varNa 	 prose/hindu/AshIsh-dhAr/jAti-varNa/
KalAm 2002 	 prose/hindu/vidyAsAgaraH/kalAm_2002/
KalAm 2015 	 prose/hindu/vidyAsAgaraH/kalAm_2015/
kAlI 	 pause-heavy-verse/hindu/sthAneshvaraH/Gods/kAlI/
karmayogi 	 prose/hindu/AshIsh-dhAr/karmayogi/
kAshInAtha 	 prose/hindu/AshIsh-dhAr/kAshInAtha/
Kierkegaard 	 prose/kierkegaard/
KP Idiot Celebs 	 prose/hindu/AshIsh-dhAr/kp-idiot-celebs/
Last Petal 	 pause-heavy-verse/hindu/sthAneshvaraH/being/last-petal/
Leaving San Diego 	 pause-heavy-verse/hindu/sthAneshvaraH/california/leaving-san-diego/
Left home at 12 	 pause-heavy-verse/hindu/sthAneshvaraH/pANDitya/left_home_at_12/
Levelland 	 song/levelland/
Life 	 pause-heavy-verse/hindu/sthAneshvaraH/being/life/
Life 	 prose/hindu/sthAneshvaraH/life/
Lonely palm 	 pause-heavy-verse/hindu/sthAneshvaraH/california/lonely-palm/
Lost 	 pause-heavy-verse/hindu/sthAneshvaraH/nostalgia/lost/
MahAbhArata fraud 	 prose/hindu/anUShA/mahAbhArata-fraud/
Male degradation 	 prose/hindu/AshIsh-dhAr/male-degradation/
Male friendship 	 prose/gilgamesh/articles/male-friendship/
Mango grove 	 pause-heavy-verse/hindu/sthAneshvaraH/nepAl/mango-grove/
Mary had a  	 song/rhyme/mary_had_a/
Meaning vs power 	 prose/hindu/AshIsh-dhAr/meaning_vs_power/
Meaningless life 	 pause-heavy-verse/hindu/sthAneshvaraH/life_emergence/meaningless-life/
Meat-spirit 	 prose/hindu/bhagavAnuvAcha/meat-spirit/
Memoirs 	 prose/hindu/indologist/jones-william/memoirs/
Mind myth 	 prose/hindu/uppalUri-gopAla-kRShNamUrtiH/mind_myth/
Misc works 	 prose/nietzsche/misc-works/
Money 	 prose/hindu/sthAneshvaraH/money/
Money vs live experience 	 prose/misc/guru-anaerobic/money-vs-live-experience/
Mother 	 pause-heavy-verse/hindu/sthAneshvaraH/nostalgia/mother/
Mystique of enlightenment 	 prose/hindu/uppalUri-gopAla-kRShNamUrtiH/mystique_of_enlightenment/
nandi-rAjarShiH 	 prose/hindu/nandi-rAjarShiH/
New Doll 	 prose/hindu/ThAkura-ravIndranAthaH/new-doll/
nirvANa 	 pause-heavy-verse/hindu/sthAneshvaraH/life_emergence/nirvANa/
No way out 	 prose/hindu/uppalUri-gopAla-kRShNamUrtiH/no_way_out/
NOTE OF THE AMERICAN PUBLISHERS 	 prose/hindu/indologist/max-muller/india_what_it_can_teach_us/0/NOTE_OF_THE_AMERICAN_PUBLISHERS/
Obermann 	 verse/matthew-arnold/obermann/
On rAmakRShNa's 'tantra 	 prose/hindu/misc/on_rAmakRShNa-tantra/
One time chef 	 pause-heavy-verse/hindu/sthAneshvaraH/fun/one-time-chef/
Other people 	 prose/hindu/sthAneshvaraH/other-people/
Pain 	 pause-heavy-verse/hindu/sthAneshvaraH/being/pain/
Palm tree and the sun 	 pause-heavy-verse/hindu/sthAneshvaraH/being/palm_tree_and_sun/
paNDits 	 prose/hindu/sthAneshvaraH/paNDits/
pankaj review 	 prose/hindu/kAntAra/pankaj-review/
pashubali learnings 	 prose/hindu/AshIsh-dhAr/pashubali-learnings/
Peace 	 pause-heavy-verse/hindu/sthAneshvaraH/life_emergence/peace/
Places 	 prose/hindu/sthAneshvaraH/places/
Pleasure vs possibility 	 prose/kierkegaard/pleasure-vs-possibility/
Poem of the Day 	 pause-heavy-verse/hindu/sthAneshvaraH/politics/poem_of_the_day/
Politics 	 prose/hindu/sthAneshvaraH/politics/
puNya for money 	 prose/misc/puNya_for_money/
Randy Pausch - Last lecture 	 prose/misc/randy-pausch_last-lecture/
rat & camel 	 prose/mongol/rat_camel/
ravIndranAthaH 	 prose/hindu/ThAkura-ravIndranAthaH/
Recall 	 pause-heavy-verse/hindu/sthAneshvaraH/nostalgia/recall/
Red-hair in conan 	 prose/red-hair_in_conan/
Reddi-bio 	 prose/hindu/uppalUri-gopAla-kRShNamUrtiH/reddi-bio/
Religion of Awe 	 prose/hindu/AshIsh-dhAr/religion_of_awe/
Return to india 93 	 prose/hindu/vidyAsAgaraH/return_to_india_93/
Ring a Ring 	 song/rhyme/ring_a_ring/
Ripples of thought 	 pause-heavy-verse/hindu/sthAneshvaraH/pANDitya/ripples_of_thought/
Rishi rAm pokhrel 	 pause-heavy-verse/hindu/sthAneshvaraH/pANDitya/rishi_rAm_pokhrel/
RNAnubandha 	 prose/hindu/misc/RNAnubandha/
Sage and housewife 	 prose/hindu/uppalUri-gopAla-kRShNamUrtiH/sage_and_housewife/
San Jacinto 	 pause-heavy-verse/hindu/sthAneshvaraH/california/san-jacinto/
sArasvat bhUta kola 	 prose/hindu/gautama/sArasvat_bhUta-kola/
Science and spirituality 	 prose/hindu/uppalUri-gopAla-kRShNamUrtiH/science_and_spirituality/
Search 	 pause-heavy-verse/hindu/sthAneshvaraH/life_emergence/search/
Seeker-types 	 pause-heavy-verse/hindu/sthAneshvaraH/pANDitya/seeker-types/
sevA and non-duality 	 pause-heavy-verse/hindu/sthAneshvaraH/Gods/sevA_non-duality/
shagdar-wish 	 pause-heavy-verse/mongol/shagdar-wish/
shakti-pUjA vs degeneracy 	 prose/hindu/nandi-rAjarShiH/shakti-pUjA_vs_degeneracy/
Shorts 	 pause-heavy-verse/hindu/sthAneshvaraH/shorts/
Shorts 	 prose/hindu/sthAneshvaraH/shorts/
siddhArtha 	 pause-heavy-verse/hindu/sthAneshvaraH/life_emergence/siddhArtha/
Sikh hindu muslim marriage 	 prose/hindu/misc/sikh-hindu-muslim-marriage/
Solomon Grundy 	 song/rhyme/solomon-grundy/
Stand alone 	 prose/hindu/uppalUri-gopAla-kRShNamUrtiH/stand_alone/
Stopped in our tracks 	 prose/hindu/uppalUri-gopAla-kRShNamUrtiH/stopped_in_tracks/
Stranger 	 pause-heavy-verse/hindu/sthAneshvaraH/being/stranger/
Sunrise 	 pause-heavy-verse/hindu/sthAneshvaraH/nostalgia/sunrise/
Sunset 	 pause-heavy-verse/hindu/sthAneshvaraH/life_emergence/sunset/
svembu-child-autism 	 prose/hindu/misc/svembu-child-autism/
Tags 	 tags/
Taste of death 	 prose/hindu/uppalUri-gopAla-kRShNamUrtiH/taste_of_death/
Teachers 	 prose/hindu/sthAneshvaraH/teachers/
Tears not cheap 	 pause-heavy-verse/hindu/sthAneshvaraH/politics/tears_not_cheap/
Tech 	 prose/hindu/sthAneshvaraH/tech/
Terdjman 	 prose/hindu/uppalUri-gopAla-kRShNamUrtiH/terdjman/
The house 	 pause-heavy-verse/hindu/sthAneshvaraH/nepAl/house/
The mirror 	 pause-heavy-verse/hindu/sthAneshvaraH/politics/the_mirror/
The summit 	 pause-heavy-verse/hindu/sthAneshvaraH/life_emergence/the_summit/
The sunrise 	 pause-heavy-verse/hindu/sthAneshvaraH/being/the_sunrise/
Thought enemy 	 prose/hindu/uppalUri-gopAla-kRShNamUrtiH/thought_enemy/
Time 	 pause-heavy-verse/hindu/sthAneshvaraH/being/time/
Time ripples 	 pause-heavy-verse/hindu/sthAneshvaraH/nepAl/time-ripples/
Transcendence 	 prose/hindu/sthAneshvaraH/transcendence/
Up by bootstraps 	 prose/hindu/uppalUri-gopAla-kRShNamUrtiH/up_by_bootstraps/
Vanishing point 	 pause-heavy-verse/hindu/sthAneshvaraH/nostalgia/vanishing-point/
vaTuka 	 prose/hindu/singh-sahanA/vaTuka/
VHP & bajrang dal 	 prose/hindu/AshIsh-dhAr/vhp_bajrang-dal/
Vinay community consciousness 	 prose/hindu/misc/vinay-community-consciousness/
vishAlAxi 	 pause-heavy-verse/hindu/sthAneshvaraH/Gods/vishAlAxi/
Wait 	 pause-heavy-verse/hindu/sthAneshvaraH/life_emergence/wait/
Wake up 	 pause-heavy-verse/hindu/sthAneshvaraH/life_emergence/wake-up/
Waking 	 pause-heavy-verse/hindu/sthAneshvaraH/life_emergence/waking/
Warrior 	 pause-heavy-verse/hindu/sthAneshvaraH/being/warrior/
Wealth redistribution 	 prose/hindu/kansAratva/wealth-redistribution/
Wind chimes 	 pause-heavy-verse/hindu/sthAneshvaraH/being/wind-chimes/
wong-kar-wai 	 prose/mukunda/wong-kar-wai/
Word 	 prose/hindu/sthAneshvaraH/word/
दक्षिणा 	 pause-heavy-verse/hindu/sthAneshvaraH/money/daxiNA/
